{"cameraMode":{"drawMode":0,"name":"Shaded","section":"Shading Mode"},"sceneLighting":false,"audioPlay":false,"sceneViewState":{"m_AlwaysRefresh":false,"showFog":true,"showSkybox":false,"showFlares":true,"showImageEffects":true,"showParticleSystems":true,"showVisualEffectGraphs":true,"m_FxEnabled":true},"in2DMode":false,"pivot":{"x":10.0903902053833,"y":5.850348472595215,"z":-2.733313798904419},"rotation":{"x":0.0026791170239448549,"y":-0.9918366074562073,"z":0.12715330719947816,"w":0.02264747954905033},"size":1.0630145072937012,"orthographic":false}