{"cameraMode":{"drawMode":0,"name":"Shaded","section":"Shading Mode"},"sceneLighting":false,"audioPlay":false,"sceneViewState":{"m_AlwaysRefresh":false,"showFog":true,"showSkybox":false,"showFlares":true,"showImageEffects":true,"showParticleSystems":true,"showVisualEffectGraphs":true,"m_FxEnabled":true},"in2DMode":false,"pivot":{"x":-24.46470069885254,"y":12.831878662109375,"z":56.744319915771487},"rotation":{"x":0.00984903983771801,"y":0.9601788520812988,"z":-0.03306641802191734,"w":0.27814656496047976},"size":12.12435531616211,"orthographic":false}